{
    "chatpacking": {
        "gcfill": "Fills the gc your in with your tokens",
        "gcleave": "Makes all tokens leave the gc",
        "autofill": "Enables a setting on launch where if you get added to any gc, your tokens join with you",
        "autofillend": "Disables autofill",
        "death": "Presses the user with tokens | Usage: $death <@user> <n> <optional second name>",
        "deathend": "Stops the death command",
        "untouchable": "Changes the gc name and presses the user with the tokens | Usage: $untouchable <@user> <n>",
        "untouchableend": "Stops the untouchable command",
        "gcss": "Tokens change gc name | Usage: $gcss <n> <optional second name>",
        "gcssend": "Stops the gcss command",
        "kill": "Sends messages till rate limit | Usage: $kill <@user>",
        "ar": "Auto replies to user messages | Usage: $ar <@user> <message>",
        "arend": "Stops auto reply",
        "ar2": "Floods a channel and sends the last message | Usage: $ar2 <@user> <message>",
        "ar2end": "Stops ar2 command",
        "outlast": "Starts outlast mode",
        "outlaststop": "Stops outlast mode",
        "ugc": "Single token gc changer | Usage: $ugc <@user>",
        "ugcend": "Stops ugc command",
        "testimony": "Starts testimony spam | Usage: $testimony <@user1> <@user2>",
        "testimonyoff": "Stops testimony spam"
    },
    "token_utility": {
        "tnickname": "Set nickname for tokens",
        "tpronouns": "Set pronouns for tokens",
        "tbio": "Set bio for tokens",
        "tpfp": "Set profile picture for tokens",
        "tstatus": "Set status for tokens",
        "tstatusoff": "Turn off token status",
        "tinfo": "Get token information",
        "tok": "Token information",
        "richtok": "Rich presence token info",
        "tjoin": "Tokens join a server | Usage: $tjoin roster",
        "tleave": "Tokens leave server",
        "rpcall": "Rotating all tokens rpc | Usage: $rpcall test1,test2,test3",
        "mreact": "All tokens react to messages | Usage: $mreact <@user> <emoji>",
        "maltreact": "Alternating token reactions | Usage: $maltreact <@user> <emoji1> <emoji2>",
        "mreactend": "Stop token reactions",
        "maltreactend": "Stop alternating reactions"
    },
    "user_utility": {
        "autoreact": "Auto react to messages",
        "autoreactend": "Stop auto reactions",
        "altreact": "Alternate reaction emojis | Usage: $altreact <emoji> <extra emojis>",
        "altreactend": "Stop alternating reactions",
        "nickloop": "Loop through nicknames",
        "stopnickloop": "Stop nickname loop",
        "autobump": "Auto bump server",
        "autobumpoff": "Stop auto bump",
        "block": "Block user",
        "unblock": "Unblock user",
        "onstartrpc": "Set RPC on startup",
        "rpc": "Set RPC status | Usage: $rpc test1,test2,test3"
    },
    "pc_utility": {
        "ss": "Take screenshot",
        "sspaste": "Send latest screenshot",
        "cleartemp": "Clear temp files",
        "clearbin": "Clear recycle bin",
        "recordtime": "Set recording time | Usage: $recordtime <5-30s>",
        "record": "Record desktop",
        "recordpaste": "Send latest recording",
        "vmr": "Record voice message",
        "voicetime": "Set voice message time",
        "voicemessage": "Send voice message",
        "audior": "Record audio",
        "audiotime": "Set audio recording time",
        "audiopaste": "Send latest audio"
    },
    "nuker": {
        "massrole": "Mass create roles",
        "massroledel": "Mass delete roles",
        "masschannel": "Mass create channels"
    },
    "etc": {
        "cls": "Clear screen",
        "swat": "Generate SWAT story | Usage: $swat <@user>",
        "rape": "Generate story | Usage: $rape <@user>",
        "host": "Create directory copy | Usage: $host <token> <n>",
        "hostlaunch": "Launch new instance",
        "hosttoksclear": "Clear host tokens",
        "hosttok": "Add host token | Usage: $hosttok <token>"
    },
    "event_reactions": {
        "eonmessage": "Edit message on event | Usage: $eonmessage <@user> | Subcommands: on <message>, add <message> <edited_message>, list, remove <message>, clear, on/off",
        "ronping": "React on ping | Usage: $ronping <@user> | Subcommands: set <emoji>, show, remove, on/off",
        "sonping": "Send message on ping | Usage: $sonping <@user> | Subcommands: set <response>, show, remove, on/off",
        "keywordr": "Keyword responses | Subcommands: add <word>, <response>, remove <word>, list, clear, on/off, ignore <user_id>, unignore <user_id>",
        "reactkw": "Keyword reactions | Subcommands: add <word>, <emoji>, remove <word>, list, clear, on/off"
    },
    "profile": {
        "setpfp": "Set profile picture | Usage: $setpfp <url>",
        "setbanner": "Set profile banner | Usage: $setbanner <url>",
        "setbio": "Set profile bio | Usage: $setbio <text>",
        "setpronoun": "Set pronouns | Usage: $setpronoun <text>",
        "setname": "Set display name | Usage: $setname <n>",
        "stealbio": "Copy user's bio | Usage: $stealbio <@user>",
        "stealpronoun": "Copy user's pronouns | Usage: $stealpronoun <@user>",
        "stealpfp": "Copy user's profile picture | Usage: $stealpfp <@user>",
        "stealbanner": "Copy user's banner | Usage: $stealbanner <@user>"
    },
    "groupchat": {
        "mimic": "Mimic user messages",
        "antigcspam": "Anti groupchat spam | Subcommands: whitelist, blacklist, silent, message, autoremove, webhook, autoblock, list",
        "autogc": "Auto groupchat | Subcommands: stop, whitelist, whitelistr, list",
        "autogcleave": "Auto leave groupchats | Subcommands: stop, status"
    },
    "auto_messenger": {
        "msgtime": "Timed messages | Usage: $msgtime <minutes> <message(s)> | Subcommands: help, on, off, status, list, clear, remove",
        "purgekw": "Purge messages by keyword | Usage: $purgekw <keyword>",
        "purgekwdm": "Purge DM messages by keyword | Usage: $purgekwdm <keyword>",
        "purgekwserver": "Purge server messages by keyword | Usage: $purgekwserver <keyword>",
        "afk": "Set AFK status"
    },
    "Favorites": {
        "fav": "View your favorite commands list",
        "fav add": "Add command to favorites | Usage: $fav add <command> [note]",
        "fav remove": "Remove command from favorites | Usage: $fav remove <command>",
        "fav pin": "Pin command to top of favorites | Usage: $fav pin <command>",
        "fav unpin": "Unpin command from top | Usage: $fav unpin <command>",
        "fav alias": "Create custom alias for command | Usage: $fav alias <command> <alias>",
        "fav unalias": "Remove custom alias | Usage: $fav unalias <alias>",
        "fav category": "Add favorite category | Usage: $fav category <name>",
        "fav uncategory": "Remove favorite category | Usage: $fav uncategory <name>",
        "fav stats": "View usage statistics for favorite commands",
        "favhelp": "Show favorites help page with all commands and features",
        "favorites": "Alternative command to view your favorites list"
    },
    "antitoken": {
        "antitoken toggle on": "Enable anti-token protection",
        "antitoken toggle off": "Disable anti-token protection",
        "antitoken limit mass_dm <amount>": "Set mass DM limit per minute",
        "antitoken limit guild_actions <amount>": "Set guild actions limit per minute",
        "antitoken limit account_changes <amount>": "Set account changes limit per minute",
        "antitoken status": "View current anti-token settings"
    },
    "token controller": {
        "tokens": "Start token control session and select server/channel",
        "tokens prefix <text>": "Set text to add before each mirrored message",
        "tokens suffix <text>": "Set text to add after each mirrored message",
        "tokens delay <seconds>": "Set delay between token messages (minimum 0.1s)",
        "tokens mirror": "Start mirroring messages with selected tokens",
        "tokens stop": "Stop the current token control session",
        "tokens clear": "Clear the token controller console"
    },
    "owo hunt": {
        "autohunt": "Start auto hunting with OwO bot",
        "autohunt stop": "Stop the auto hunting session",
        "autohunt settings": "View current auto hunt settings",
        "autohunt set hunt_min <seconds>": "Set minimum delay between hunt commands",
        "autohunt set hunt_max <seconds>": "Set maximum delay between hunt commands",
        "autohunt set pray <seconds>": "Set interval for pray command",
        "autohunt set battle <seconds>": "Set interval for battle command",
        "autohunt set sell <seconds>": "Set interval for selling animals",
        "autohunt set coinflip <seconds>": "Set interval for coinflip gambling"
    },
    "knightfall": {
        "nuke": "View nuke settings and commands",
        "nuke message": "Set webhook spam message",
        "nuke name": "Set server name after nuke",
        "nuke delay": "Set webhook spam delay",
        "nuke speed": "Set nuke operation speed",
        "nuke channels": "Set number of channels to create",
        "nuke roles": "Set number of roles to create",
        "nuke webhooks": "Set webhooks per channel",
        "nuke reset": "Reset nuke settings to default",
        "nuke start": "Start server nuke",
        "nuke stop": "Stop webhook spam"
    },
    "protection": {
        "detection": "Toggle raid detection",
        "autoslow": "Toggle auto slowmode",
        "noinvite": "Toggle invite blocking",
        "setlog": "Set logging channel",
        "setpunishment": "Set punishment type",
        "swhitelist": "Add user to whitelist",
        "sunwhitelist": "Remove user from whitelist",
        "softban": "Ban and unban to clear messages",
        "hardban": "Ban that persists through unbans",
        "unhardban": "Remove user from hardban list",
        "ghostban": "Ban user without being in server",
        "multiban": "Ban multiple users at once",
        "banlist": "View all banned users",
        "stripall": "Remove admin from non-whitelisted"
    },
    "voice": {
        "voice": "View voice settings and commands",
        "voice join": "Join a voice channel",
        "voice leave": "Leave current voice channel",
        "voice move": "Move a user to another channel",
        "voice region": "Set voice region for better connection",
        "voice bitrate": "Set voice channel bitrate (8-384 kbps)",
        "voice deafen": "Toggle auto server deafen",
        "voice mute": "Toggle auto server mute",
        "voice quality": "Set stream quality (360/720/1080)",
        "voice volume": "Set soundboard volume (0-100)",
        "voice reset": "Reset all voice settings"
    }
}
